{
	"version": "3.0",
	"tabStripVisible": false,
	"newTabVisible": false,
	"useWijmoTheme": true,
	"sheets": {
		"Sheet1": {
			"name": "Sheet1",
			"selections": {
				"0": {
					"row": 0,
					"rowCount": 3,
					"col": 0,
					"colCount": 1
				}
			},
			"defaults": {
				"colHeaderRowHeight": 20,
				"colWidth": 60,
				"rowHeaderColWidth": 40,
				"rowHeight": 25
			},
			"rowCount": 100,
			"columnCount": 20,
			"colHeaderRowInfos": [{
				"dirty": true,
				"size": 30
			}],
			"rowHeaderData": {
				"rowCount": 100,
				"colCount": 1,
				"columnDataArray": [{
					"style": {
						"backColor": "white",
						"foreColor": "black",
						"font": "16px adobe-clean",
						"borderLeft": {
							"color": "rgb(213,213,213)"
						},
						"borderRight": {
							"color": "rgb(213,213,213)"
						},
						"borderTop": {
							"color": "rgb(213,213,213)"
						},
						"borderBottom": {
							"color": "rgb(213,213,213)"
						}
					}
				}]
			},
			"colHeaderData": {
				"rowCount": 1,
				"colCount": 20,
				"rowDataArray": [{
					"style": {
						"backColor": "white",
						"foreColor": "black",
						"font": "16px adobe-clean",
						"borderLeft": {
							"color": "rgb(213,213,213)"
						},
						"borderRight": {
							"color": "rgb(213,213,213)"
						},
						"borderTop": {
							"color": "rgb(213,213,213)"
						},
						"borderBottom": {
							"color": "rgb(213,213,213)"
						}
					}
				}]
			},
			"data": {
				"rowCount": 100,
				"colCount": 20,
				"dataTable": {
					"0": {
						"0": {
							"value": 1
						}
					},
					"1": {
						"0": {
							"value": 0.5
						}
					},
					"2": {
						"0": {
							"value": 1.5
						}
					}
				},
				"defaultDataNode": {
					"style": {
						"hAlign": 1,
						"vAlign": 1,
						"font": "13px adobe-clean",
						"borderLeft": {
							"color": "rgb(213,213,213)"
						},
						"borderRight": {
							"color": "rgb(213,213,213)"
						},
						"borderTop": {
							"color": "rgb(213,213,213)"
						},
						"borderBottom": {
							"color": "rgb(213,213,213)"
						}
					}
				}
			}
		}
	}
}