{
    "bases": [
        {
            "children": [{
			"fill": {
				"a": 1,
				"b": 0,
				"g": 0,
				"r": 0,
				"type": "solid"
			},
			"name": "<Path>",
			"opacity": 1,
			"postEffects": [],
			"preEffects": [],
			"shape": {
				"path": "M128.978,112.322 L21.296 112.322 C9.558 112.322,-0 121.879,-0 133.619 L7.943 222.042 L8.152 224.712 C9.348 231.108,14.971 235.958,21.719 235.958 L21.719 235.958 L25.866 235.958 L26.429 235.958 L26.989 235.958 C31.348 236.239,34.931 239.543,35.494 243.831 C35.565 244.253,35.565 244.604,35.635 245.024 L43.015 337.666 L43.156 339.774 C44.211 346.38,49.905 351.442,56.792 351.442 L93.202 351.442 C100.019 351.442,105.642 346.522,106.767 340.057 L106.979 337.384 L114.358 244.886 C114.358 244.604,114.358 244.253,114.429 243.97 C114.992 239.613,118.576 236.239,123.005 235.888 L123.565 235.888 L124.128 235.888 L128.204 235.888 L128.204 235.888 C135.094 235.888,140.858 230.827,141.842 224.22 L141.842 224.081 L141.981 222.743 L149.994 133.619 C150.277 121.879,140.717 112.322,128.978 112.322 Z",
				"type": "path"
			},
			"stroke": {
				"a": 0,
				"color": {
					
				},
				"type": "none",
				"width": 0
			},
			"id": "ArtNumber__2Instance"
		},
		{
			"fill": {
				"a": 1,
				"b": 0,
				"g": 0,
				"r": 0,
				"type": "solid"
			},
			"name": "<Path>",
			"opacity": 1,
			"postEffects": [],
			"preEffects": [],
			"shape": {
				"cx": 75.137,
				"cy": 47.1635,
				"r": 47.1634,
				"type": "circle"
			},
			"stroke": {
				"a": 0,
				"color": {
					
				},
				"type": "stroke",
				"width": 0,
				"type": "none"
			},
			"id": "ArtNumber__1Instance"
		}],
		"name": "base1",
		"id": "ArtNumber__0Instance"
        }
    ],
    "desc": "Created by Adobe Illustrator",
    "global": {
        "bounds": {
            "bottom": 792,
            "left": 0,
            "right": 612,
            "top": 0
        }
    },
    "name": "Untitled-1",
    "version": "0.1.0"
}
