{"bases":[{"children":[{"children":[{"children":[{"shape":{"type":"line","x1":37,"y1":159,"x2":365.5,"y2":159},"stroke":{"type":"stroke","color":{"r":0,"g":0,"b":0,"a":1},"style":"solid","width":0.5,"cap":"butt","join":4},"id":"Grid00"},{"shape":{"type":"line","x1":37,"y1":112.16666666666666,"x2":365.5,"y2":112.16666666666666},"stroke":{"type":"stroke","color":{"r":0,"g":0,"b":0,"a":1},"style":"solid","width":0.5,"cap":"butt","join":4},"id":"Grid01"},{"shape":{"type":"line","x1":37,"y1":65.33333333333333,"x2":365.5,"y2":65.33333333333333},"stroke":{"type":"stroke","color":{"r":0,"g":0,"b":0,"a":1},"style":"solid","width":0.5,"cap":"butt","join":4},"id":"Grid02"},{"shape":{"type":"line","x1":37,"y1":18.5,"x2":365.5,"y2":18.5},"stroke":{"type":"stroke","color":{"r":0,"g":0,"b":0,"a":1},"style":"solid","width":0.5,"cap":"butt","join":4},"id":"Grid03"}],"id":"GridSubGroup0"}],"id":"GridTopGroup"},{"children":[{"children":[{"shape":{"type":"rect","x":107.39285714285714,"y":65.33333333333333,"width":26.07142857142857,"height":93.66666666666667,"r":0},"stroke":{"type":"stroke","color":{"r":60,"g":60,"b":60},"style":"solid","width":0,"cap":"butt","join":4},"fill":{"r":60,"g":60,"b":60,"a":1},"id":"defaultSeries 2rect0"},{"shape":{"type":"rect","x":216.89285714285714,"y":41.91666666666666,"width":26.07142857142857,"height":117.08333333333334,"r":0},"stroke":{"type":"stroke","color":{"r":60,"g":60,"b":60},"style":"solid","width":0,"cap":"butt","join":4},"fill":{"r":60,"g":60,"b":60,"a":1},"id":"defaultSeries 2rect1"},{"shape":{"type":"rect","x":326.3928571428571,"y":18.5,"width":26.07142857142857,"height":140.5,"r":0},"stroke":{"type":"stroke","color":{"r":60,"g":60,"b":60},"style":"solid","width":0,"cap":"butt","join":4},"fill":{"r":60,"g":60,"b":60,"a":1},"id":"defaultSeries 2rect2"}],"id":"defaultSeries 2TopGroup"},{"children":[{"shape":{"type":"rect","x":78.71428571428571,"y":88.75,"width":26.07142857142857,"height":70.25,"r":0},"stroke":{"type":"stroke","color":{"r":204,"g":205,"b":203},"style":"solid","width":0,"cap":"butt","join":4},"fill":{"r":204,"g":205,"b":203,"a":1},"id":"defaultSeries 1rect0"},{"shape":{"type":"rect","x":188.2142857142857,"y":65.33333333333333,"width":26.07142857142857,"height":93.66666666666667,"r":0},"stroke":{"type":"stroke","color":{"r":204,"g":205,"b":203},"style":"solid","width":0,"cap":"butt","join":4},"fill":{"r":204,"g":205,"b":203,"a":1},"id":"defaultSeries 1rect1"},{"shape":{"type":"rect","x":297.7142857142857,"y":65.33333333333333,"width":26.07142857142857,"height":93.66666666666667,"r":0},"stroke":{"type":"stroke","color":{"r":204,"g":205,"b":203},"style":"solid","width":0,"cap":"butt","join":4},"fill":{"r":204,"g":205,"b":203,"a":1},"id":"defaultSeries 1rect2"}],"id":"defaultSeries 1TopGroup"},{"children":[{"shape":{"type":"rect","x":50.035714285714285,"y":112.16666666666666,"width":26.07142857142857,"height":46.833333333333336,"r":0},"stroke":{"type":"stroke","color":{"r":133,"g":134,"b":133},"style":"solid","width":0,"cap":"butt","join":4},"fill":{"r":133,"g":134,"b":133,"a":1},"id":"defaultSeries 0rect0"},{"shape":{"type":"rect","x":159.53571428571428,"y":88.75,"width":26.07142857142857,"height":70.25,"r":0},"stroke":{"type":"stroke","color":{"r":133,"g":134,"b":133},"style":"solid","width":0,"cap":"butt","join":4},"fill":{"r":133,"g":134,"b":133,"a":1},"id":"defaultSeries 0rect1"},{"shape":{"type":"rect","x":269.0357142857143,"y":112.16666666666666,"width":26.07142857142857,"height":46.833333333333336,"r":0},"stroke":{"type":"stroke","color":{"r":133,"g":134,"b":133},"style":"solid","width":0,"cap":"butt","join":4},"fill":{"r":133,"g":134,"b":133,"a":1},"id":"defaultSeries 0rect2"}],"id":"defaultSeries 0TopGroup"},{"children":[{"shape":{"type":"text","x":120.42857142857142,"y":55.33333333333333,"text":"20","align":"middle","decoration":"none","rotated":false,"kerning":true},"fill":{"b":0,"g":0,"r":0,"a":1},"font":{"style":"normal","variant":"normal","weight":"normal","size":"16px","family":"Helvetica Arial"},"id":"DataLabel0"},{"shape":{"type":"text","x":229.92857142857142,"y":31.916666666666657,"text":"25","align":"middle","decoration":"none","rotated":false,"kerning":true},"fill":{"b":0,"g":0,"r":0,"a":1},"font":{"style":"normal","variant":"normal","weight":"normal","size":"16px","family":"Helvetica Arial"},"id":"DataLabel1"},{"shape":{"type":"text","x":339.4285714285714,"y":8.5,"text":"30","align":"middle","decoration":"none","rotated":false,"kerning":true},"fill":{"b":0,"g":0,"r":0,"a":1},"font":{"style":"normal","variant":"normal","weight":"normal","size":"16px","family":"Helvetica Arial"},"id":"DataLabel2"},{"shape":{"type":"text","x":91.75,"y":78.75,"text":"15","align":"middle","decoration":"none","rotated":false,"kerning":true},"fill":{"b":0,"g":0,"r":0,"a":1},"font":{"style":"normal","variant":"normal","weight":"normal","size":"16px","family":"Helvetica Arial"},"id":"DataLabel3"},{"shape":{"type":"text","x":201.24999999999997,"y":55.33333333333333,"text":"20","align":"middle","decoration":"none","rotated":false,"kerning":true},"fill":{"b":0,"g":0,"r":0,"a":1},"font":{"style":"normal","variant":"normal","weight":"normal","size":"16px","family":"Helvetica Arial"},"id":"DataLabel4"},{"shape":{"type":"text","x":310.75,"y":55.33333333333333,"text":"20","align":"middle","decoration":"none","rotated":false,"kerning":true},"fill":{"b":0,"g":0,"r":0,"a":1},"font":{"style":"normal","variant":"normal","weight":"normal","size":"16px","family":"Helvetica Arial"},"id":"DataLabel5"},{"shape":{"type":"text","x":63.07142857142857,"y":102.16666666666666,"text":"10","align":"middle","decoration":"none","rotated":false,"kerning":true},"fill":{"b":0,"g":0,"r":0,"a":1},"font":{"style":"normal","variant":"normal","weight":"normal","size":"16px","family":"Helvetica Arial"},"id":"DataLabel6"},{"shape":{"type":"text","x":172.57142857142856,"y":78.75,"text":"15","align":"middle","decoration":"none","rotated":false,"kerning":true},"fill":{"b":0,"g":0,"r":0,"a":1},"font":{"style":"normal","variant":"normal","weight":"normal","size":"16px","family":"Helvetica Arial"},"id":"DataLabel7"},{"shape":{"type":"text","x":282.07142857142856,"y":102.16666666666666,"text":"10","align":"middle","decoration":"none","rotated":false,"kerning":true},"fill":{"b":0,"g":0,"r":0,"a":1},"font":{"style":"normal","variant":"normal","weight":"normal","size":"16px","family":"Helvetica Arial"},"id":"DataLabel8"}],"id":"DataLabelGroup"}],"id":"ColumnContainerGroup"},{"children":[{"shape":{"type":"line","x1":37,"y1":159,"x2":365.5,"y2":159},"stroke":{"type":"stroke","color":{"b":0,"g":0,"r":0,"a":1},"style":"solid","width":0.5,"cap":"butt","join":4},"id":"xLine"},{"children":[{"shape":{"type":"text","x":91.75,"y":185,"text":"2014","align":"middle","decoration":"none","rotated":false,"kerning":true},"fill":{"b":0,"g":0,"r":0,"a":1},"font":{"style":"normal","variant":"normal","weight":"normal","size":"16px","family":"Helvetica Arial"},"id":"xLabel0"},{"shape":{"type":"text","x":201.25,"y":185,"text":"2015","align":"middle","decoration":"none","rotated":false,"kerning":true},"fill":{"b":0,"g":0,"r":0,"a":1},"font":{"style":"normal","variant":"normal","weight":"normal","size":"16px","family":"Helvetica Arial"},"id":"xLabel1"},{"shape":{"type":"text","x":310.75,"y":185,"text":"2016","align":"middle","decoration":"none","rotated":false,"kerning":true},"fill":{"b":0,"g":0,"r":0,"a":1},"font":{"style":"normal","variant":"normal","weight":"normal","size":"16px","family":"Helvetica Arial"},"id":"xLabel2"}],"id":"xLabelsGroup"},{"children":[{"shape":{"type":"line","x1":91.75,"y1":159,"x2":91.75,"y2":165},"stroke":{"type":"stroke","color":{"b":0,"g":0,"r":0,"a":1},"style":"solid","width":0.5,"cap":"butt","join":4},"id":"xTick0"},{"shape":{"type":"line","x1":201.25,"y1":159,"x2":201.25,"y2":165},"stroke":{"type":"stroke","color":{"b":0,"g":0,"r":0,"a":1},"style":"solid","width":0.5,"cap":"butt","join":4},"id":"xTick1"},{"shape":{"type":"line","x1":310.75,"y1":159,"x2":310.75,"y2":165},"stroke":{"type":"stroke","color":{"b":0,"g":0,"r":0,"a":1},"style":"solid","width":0.5,"cap":"butt","join":4},"id":"xTick2"}],"id":"xTicksGroup"}],"id":"xTopGroup"},{"children":[{"shape":{"type":"line","x1":37,"y1":159,"x2":37,"y2":18.5},"stroke":{"type":"stroke","color":{"b":0,"g":0,"r":0,"a":1},"style":"solid","width":0.5,"cap":"butt","join":4},"id":"yLine"},{"children":[{"shape":{"type":"text","x":27,"y":165.4,"text":"0","align":"end","decoration":"none","rotated":false,"kerning":true},"fill":{"b":0,"g":0,"r":0,"a":1},"font":{"style":"normal","variant":"normal","weight":"normal","size":"16px","family":"Helvetica Arial"},"id":"yLabel0"},{"shape":{"type":"text","x":27,"y":118.56666666666666,"text":"10","align":"end","decoration":"none","rotated":false,"kerning":true},"fill":{"b":0,"g":0,"r":0,"a":1},"font":{"style":"normal","variant":"normal","weight":"normal","size":"16px","family":"Helvetica Arial"},"id":"yLabel1"},{"shape":{"type":"text","x":27,"y":71.73333333333333,"text":"20","align":"end","decoration":"none","rotated":false,"kerning":true},"fill":{"b":0,"g":0,"r":0,"a":1},"font":{"style":"normal","variant":"normal","weight":"normal","size":"16px","family":"Helvetica Arial"},"id":"yLabel2"},{"shape":{"type":"text","x":27,"y":24.9,"text":"30","align":"end","decoration":"none","rotated":false,"kerning":true},"fill":{"b":0,"g":0,"r":0,"a":1},"font":{"style":"normal","variant":"normal","weight":"normal","size":"16px","family":"Helvetica Arial"},"id":"yLabel3"}],"id":"yLabelsGroup"},{"children":[{"shape":{"type":"line","x1":37,"y1":159,"x2":31,"y2":159},"stroke":{"type":"stroke","color":{"b":0,"g":0,"r":0,"a":1},"style":"solid","width":0.5,"cap":"butt","join":4},"id":"yTick0"},{"shape":{"type":"line","x1":37,"y1":112.16666666666666,"x2":31,"y2":112.16666666666666},"stroke":{"type":"stroke","color":{"b":0,"g":0,"r":0,"a":1},"style":"solid","width":0.5,"cap":"butt","join":4},"id":"yTick1"},{"shape":{"type":"line","x1":37,"y1":65.33333333333333,"x2":31,"y2":65.33333333333333},"stroke":{"type":"stroke","color":{"b":0,"g":0,"r":0,"a":1},"style":"solid","width":0.5,"cap":"butt","join":4},"id":"yTick2"},{"shape":{"type":"line","x1":37,"y1":18.5,"x2":31,"y2":18.5},"stroke":{"type":"stroke","color":{"b":0,"g":0,"r":0,"a":1},"style":"solid","width":0.5,"cap":"butt","join":4},"id":"yTick3"}],"id":"yTicksGroup"}],"id":"yTopGroup"}]}]}