{"dim":{"height":196,"width":392},"htmlLabels":false,"axes":[{"name":"x","props":{"leftBottom":true,"htmlLabels":false,"rotation":0,"line":true,"minorTicks":true,"showMajorTicks":true,"showMinorTicks":false,"majorLabels":true,"minorLabels":true,"stroke":{"color":"#000000","width":0.5},"majorTick":{"stroke":{"color":"#000000","width":0.5}},"minorTick":{"stroke":{"color":"#000000","width":0.25}},"font":"normal normal normal 12pt Helvetica Arial","natural":true}},{"name":"y","props":{"leftBottom":true,"htmlLabels":false,"rotation":0,"line":true,"minorTicks":true,"showMajorTicks":true,"showMinorTicks":false,"majorLabels":true,"minorLabels":true,"stroke":{"color":"#000000","width":0.5},"majorTick":{"stroke":{"color":"#000000","width":0.5}},"minorTick":{"stroke":{"color":"#000000","width":0.25}},"font":"normal normal normal 12pt Helvetica Arial","includeZero":true,"vertical":true}}],"grid":{"hMajorLines":true,"hMinorLines":false,"vMajorLines":false,"vMinorLines":false,"majorHLine":{"cap":"butt","color":"black","join":4,"style":"solid","width":0.5},"minorHLine":{"cap":"butt","color":"black","join":4,"style":"solid","width":0.25},"majorVLine":{"cap":"butt","color":"black","join":4,"style":"solid","width":0.5},"minorVLine":{"cap":"butt","color":"black","join":4,"style":"solid","width":0.25}},"overriddenDataBounds":{"col":0,"colCount":4,"row":0,"rowCount":4},"plot":{"labels":true,"labelStyle":"outside","htmlLabels":false,"clusterGap":100,"columnGap":10,"labelFormat":{"type":"Identity","symbol":"$US Dollar","group":",","places":2},"font":"normal normal normal 12pt Helvetica Arial","omitLabels":false,"gap":10}}